{"cameraMode":{"drawMode":0,"name":"Shaded","section":"Shading Mode"},"sceneLighting":false,"audioPlay":false,"sceneViewState":{"showFog":true,"showMaterialUpdate":false,"showSkybox":false,"showFlares":true,"showImageEffects":true,"showParticleSystems":true},"in2DMode":false,"pivot":{"x":0.11000001430511475,"y":0.4700000286102295,"z":0.09000001847743988},"rotation":{"x":-0.2040494829416275,"y":-0.48805364966392519,"z":0.11851930618286133,"w":-0.8403210043907166},"size":0.8660253882408142,"orthographic":false}