{"cameraMode":{"drawMode":0,"name":"Shaded","section":"Shading Mode"},"sceneLighting":true,"audioPlay":false,"sceneViewState":{"showFog":true,"showMaterialUpdate":false,"showSkybox":true,"showFlares":true,"showImageEffects":true,"showParticleSystems":true},"in2DMode":false,"pivot":{"x":-2.0658118724823,"y":0.5103077292442322,"z":3.0763018131256105},"rotation":{"x":-0.12020831555128098,"y":0.6778932809829712,"z":-0.11369384080171585,"w":-0.7163408994674683},"size":8.561009407043457,"orthographic":false}